{
  "блок": "block",
  "свід": "drill",
  "завод": "factory",
  "ядро": "core",
  "рэсурс": "item",
  "медзь": "copper",
  "свінец": "lead",
  "тытан": "titanium",
  "вада": "water",
  "пясок": "sand",
  "будаваць": "build",
  "вытворчасць": "produce",
  "хуткасць": "speed",
  "энергія": "power",
  "знішчыць": "destroy",
  "логіка": "logic",
  "юнiт": "unit",
  "рух": "move",
  "атака": "attack",
  "запуск": "launch",
  "файл": "file",
  "мод": "mod"
}