{
  // === Общие поля ===
  "имя": "name",
  "название": "name",
  "тип": "type",
  "описание": "description",
  "версия": "version",
  "автор": "author",
  "категория": "category",
  "стоимость": "cost",
  "цена": "cost",
  "производит": "outputItem",
  "потребляет": "consumes",
  "мощность": "power",
  "скорость": "speed",
  "здоровье": "health",
  "размер": "size",
  "цвет": "color",
  "редкость": "hardness",
  "разблокировка": "research",
  "вход": "input",
  "выход": "output",

  // === Категории контента ===
  "предмет": "item",
  "жидкость": "liquid",
  "блок": "block",
  "юнит": "unit",
  "эффект": "status",
  "планета": "planet",
  "сектор": "sector",
  "технология": "tech",
  "логика": "logic",
  "турель": "turret",
  "бур": "drill",
  "конвейер": "conveyor",
  "генератор": "generator",
  "фабрика": "factory",
  "завод": "crafter",
  "ядро": "core",
  "декор": "wall",
  "хранилище": "container",
  "насос": "pump",
  "передатчик": "router",
  "узел": "junction",
  "мост": "bridge",
  "обогреватель": "heater",
  "разделитель": "sorter",
  "сортировщик": "sorter",
  "батарея": "battery",
  "щит": "shield",
  "пушка": "turret",
  "миномёт": "launcher",
  "инфопанель": "display",
  "логический процессор": "processor",
  "логика": "logic",
  "транспортер": "unloader",
  "постройка": "build",
  "структура": "structure",

  // === Свойства юнитов ===
  "скорость_передвижения": "speed",
  "урон": "damage",
  "атака": "attack",
  "дальность": "range",
  "масса": "mass",
  "полет": "flying",
  "энергия": "powerUse",
  "стоимость_постройки": "buildCost",
  "вместимость": "itemCapacity",
  "вместимость_жидкости": "liquidCapacity",
  "вместимость_энергии": "powerCapacity",
  "перезарядка": "reload",
  "количество_снарядов": "shots",
  "радиус": "radius",
  "урон_взрыва": "splashDamage",
  "радиус_взрыва": "splashDamageRadius",

  // === Энергия и генерация ===
  "энергия_потребление": "powerConsumption",
  "энергия_производство": "powerProduction",
  "энергия_емкость": "powerCapacity",
  "выходная_мощность": "outputPower",
  "входная_мощность": "inputPower",
  "тепло": "heat",
  "топливо": "fuel",

  // === Эффекты ===
  "взрыв": "explosion",
  "искры": "spark",
  "дым": "smoke",
  "огонь": "fire",
  "свет": "light",
  "частицы": "particles",
  "цвет_эффекта": "effectColor",

  // === Планеты и секторы ===
  "орбита": "orbitRadius",
  "гравитация": "gravity",
  "атмосфера": "atmosphere",
  "день": "dayLength",
  "температура": "temperature",
  "освещенность": "light",
  "поколение": "generator",
  "фаза": "phase",

  // === Логические команды ===
  "чтение": "read",
  "запись": "write",
  "рисовать": "draw",
  "очистить": "clear",
  "печать": "print",
  "управление": "control",
  "сенсор": "sensor",
  "если": "jump",
  "метка": "label",
  "ждать": "wait",
  "операция": "op",
  "цвет_линии": "color",
  "линия": "line",
  "заполнить": "fill",
  "круг": "circle",
  "прямоугольник": "rect",
  "текст": "print",
  "камера": "camera",
  "единица": "unitBind",
  "атака": "unitControl",
  "двигай": "move",
  "стреляй": "shoot",
  "останавливаться": "stop",
  "включить": "enable",
  "отключить": "disable",
  "считать": "get",
  "установить": "set",
  "вывод": "printFlush",

  // === Производство ===
  "вход_жидкости": "liquidInput",
  "выход_жидкости": "liquidOutput",
  "вход_предмета": "itemInput",
  "выход_предмета": "itemOutput",
  "производство": "production",
  "рецепт": "recipe",
  "количество": "amount",
  "время": "time",
  "множитель": "multiplier",
  "переплавка": "smelt",
  "обработка": "process",
  "крутящий_момент": "torque",
  "скорость_вращения": "rotationSpeed",

  // === Строительство ===
  "время_постройки": "buildTime",
  "уровень": "tier",
  "улучшение": "upgrade",
  "входные_ресурсы": "requirements",
  "постройка_из": "buildFrom",
  "постройка_в": "buildTo",
  "регенерация": "regen",

  // === Прочее ===
  "звуки": "sounds",
  "эффекты": "effects",
  "анимация": "animation",
  "спрайт": "sprite",
  "иконка": "icon",
  "отображение": "display",
  "положение": "position",
  "масштаб": "scale",
  "поворот": "rotation",
  "тень": "shadow"
}