{
  "ім'я": "name",
  "назва": "name",
  "тип": "type",
  "опис": "description",
  "автор": "author",
  "версія": "version",
  "категорія": "category",
  "здоров'я": "health",
  "розмір": "size",
  "швидкість": "speed",
  "потужність": "power",
  "предмет": "item",
  "рідина": "liquid",
  "блок": "block",
  "бур": "drill",
  "завод": "crafter",
  "турель": "turret",
  "планета": "planet",
  "сектор": "sector",
  "технологія": "tech",
  "ефект": "status",
  "логіка": "logic",
  "читати": "read",
  "писати": "write",
  "малювати": "draw",
  "очистити": "clear",
  "друкувати": "print",
  "керування": "control"
}